destino,city_code,hotel_code,hotel_name,hotel_city_code,area_id,giata_id,country_iso_code,country_name,address,email,latitude,longitude,rating
Baracoa,BAR,HTLBCOAVMA,VILLA MAGUANA,BAR,BARACOA,124223.0,CU,CUBA,CARRETERA A / MOA KM 22,"reservas@gavbcoa.co.cu,booking@distalcaribe.co.cu",20.465853,-74.584209,4.0
Baracoa,BAR,HGTMGAPSAA,HOTEL PORTO SANTO,BAR,BARACOA,19312.0,CU,CUBA,CARRETERA DEL AEROPUERTO RPTO. JAITESICO,reservas@gavbcoa.co.cu;booking@distalcaribe.co.cu,20.357774,-74.505195,3.0
Camaguey,CAM,HTLCMGSJDD,HOTEL E SAN JUAN DE DIOS,CAM,CAMAGUEY,1449698.0,CU,CUBA,SAN JUAN DE DIOS / SAN RAFAEL Y PADRE O.,leonor@ehoteles.cmg.tur.cu,21.376104,-77.917254,4.0
Camaguey,CAM,HCMGMGHC,GRAN HOTEL CAMAGUEY ,CAM,CAMAGUEY,26600.0,CU,CUBA,MACEO NO.64/GENERAL GÓMEZ E IGNACIO AG,reserva@granhotel.cmg.tur.cu; booking@distalcaribe.co.cu,21.382231,-77.917247,3.0
Camaguey,CAM,HCMGIAZCMG, HOTEL CAMAGUEY,CAM,CAMAGUEY,103243.0,CU,CUBA,CARRETERA CENTRAL ESTE KM. 4 &#189,programadora1@cr.islazul.tur.cu,21.362507,-77.886028,2.0
Camaguey,CAM,HCMGHISC,HOTEL ISLA DE CUBA ,CAM,CAMAGUEY,367787.0,CU,CUBA,"SAN ESTEBAN, NO. 453, ESQ. A POPULAR",nan,21.386446,-77.913446,3.0
Camaguey,CAM,HCMGHFLR,HOTEL FLORIDA,CAM,CAMAGUEY,367786.0,CU,CUBA,"CARRETERA CENTRAL, KM 536, FLORIDA",nan,21.531281,-78.233770,2.0
Camaguey,CAM,HCMGCUSM,HOTEL SANTA MARIA BY MYSTIQUE,CAM,CAMAGUEY,612125.0,CU,CUBA,"CALLE REPÚBLICA, ESQ A IGNACIO AGRAMONTE",ventas@ehoteles.cmg.tur.cu;booking@distalcaribe.co.cu,21.382906,-77.916828,4.0
Camaguey,CAM,HCMGCBM, HOTEL  ENCANTO EL MARQUES,CAM,CAMAGUEY,406552.0,CU,CUBA,CISNEROS NO.222 E/ HMNOS AGÜERO Y MARTI,ventas@ehoteles.cmg.tur.cu,21.380378,-77.919112,4.0
Cayo Coco,CAY,HTLTRYPCC,TRYP CAYO COCO,CAY,CAYO COCO,1715.0,CU,CUBA,"AVENIDA JARDINES DEL REY, CAYO COCO,",nan,22.540902,-78.370708,4.0
Cayo Coco,CAY,HPCCCH,HOTEL PLAYA PARAISO RESORT & SUITE,CAY,CAYO COCO,372735.0,CU,CUBA,CAYO COCO,reservas@playaparaiso.co.cu;jefe.ventas@playaparaiso.co.cu,22.541254,-78.431239,4.0
Cayo Coco,CAY,HCYCMEMCAR,HOTEL MEMORIES CARIBE BEACH RESORT - ADULTS ONLY ,CAY,CAYO COCO,140194.0,CU,CUBA,"CAYO COCO, JARDINES DEL REY, CUBA.",nan,22.526548,-78.456019,4.0
Cayo Coco,CAY,HCYCMEMCAH,HOTEL MEMORIES CARIBE BEACH RESORT - ADULTS ONLY ,CAY,CAYO COCO,140194.0,CU,CUBA,"CAYO COCO, JARDINES DEL REY, CUBA.",nan,22.526548,-78.456019,4.0
Cayo Coco,CAY,HCYCACCPUD,MELIA COSTA REY,CAY,CAYO COCO,423994.0,CU,CUBA,"PLAYAS LAS COLORADAS,67210 CAYO COCO,",nan,22.532983,-78.348548,5.0
Cayo Coco,CAY,HCCSOLCCCD,HOTEL SOL CAYO COCO,CAY,CAYO COCO,5903.0,CU,CUBA,JARDINES DEL REY,nan,22.536223,-78.355302,4.0
Cayo Coco,CAY,HCCSOLCCC,HOTEL SOL CAYO COCO,CAY,CAYO COCO,5903.0,CU,CUBA,JARDINES DEL REY,nan,22.536223,-78.355302,4.0
Cayo Coco,CAY,HCCMELCCD,HOTEL MELIA CAYO COCO,CAY,CAYO COCO,6950.0,CU,CUBA,"JARDINES DEL REY MORON CAYO COCO, 69400",nan,22.535027,-78.353701,5.0
Cayo Coco,CAY,HCCMELCC,HOTEL MELIA CAYO COCO,CAY,CAYO COCO,6950.0,CU,CUBA,"JARDINES DEL REY MORON CAYO COCO, 69400",nan,22.535027,-78.353701,5.0
Cayo Coco,CAY,HCCCPLCH,HOTEL PLAYA COCO,CAY,CAYO COCO,77875.0,CU,CUBA,"JARDINES DEL REY, CAYO COCO",reservas@playacoco.co.cu,22.525374,-78.459978,4.0
Cayo Coco,CAY,HCCCMELJDR,MELIA JARDINES DEL REY,CAY,CAYO COCO,405946.0,CU,CUBA,CAYO COCO JARDINES DEL REY,nan,22.543162,-78.428926,5.0
Cayo Coco,CAY,HCCCMELJDD,MELIA JARDINES DEL REY,CAY,CAYO COCO,405946.0,CU,CUBA,CAYO COCO JARDINES DEL REY,nan,22.543162,-78.428926,5.0
Cayo Coco,CAY,HCCCIBMOJ,HOTEL MOJITO,CAY,CAYO COCO,75553.0,CU,CUBA,"CAYO COCO, JARDINES DEL REY",booking@distalcaribe.co.cu,22.537610,-78.364835,4.0
Cayo Coco,CAY,HCCCBDMFH,HOTEL MEMORIES FLAMENCO BEACH RESORT,CAY,CAYO COCO,261032.0,CU,CUBA,"CAYO COCO, JARDINES DEL REY, CUBA.14 KM",nan,22.539753,-78.436101,5.0
Cayo Coco,CAY,HCCCBDMF,HOTEL MEMORIES FLAMENCO BEACH RESORT,CAY,CAYO COCO,261032.0,CU,CUBA,"CAYO COCO, JARDINES DEL REY, CUBA.14 KM",nan,22.539753,-78.436101,5.0
Cayo Cruz,CYCZ,HHOLIBSESM,HOTEL IBEROSTAR SELECTION ESMERALDA,CYCZ,CAYO CRUZ,1292322.0,CU,CUBA,CAYO CRUZ - ESMERALDA,nan,22.240290,-77.820589,5.0
Cayo Cruz,CYCZ,HHOLIBSESD,HOTEL IBEROSTAR SELECTION ESMERALDA,CYCZ,CAYO CRUZ,1292322.0,CU,CUBA,CAYO CRUZ - ESMERALDA,nan,22.242292,-77.820554,5.0
Cayo Cruz,CYCZ,HHOLCUESMD,IBEROSTAR CORAL ESMERALDA,CYCZ,CAYO CRUZ,1247874.0,CU,CUBA,CAYO CRUZ - ESMERALDA,nan,22.240290,-77.820589,5.0
Cayo Cruz,CYCZ,HHOLCUESM,IBEROSTAR CORAL ESMERALDA,CYCZ,CAYO CRUZ,1247874.0,CU,CUBA,CAYO CRUZ - ESMERALDA,nan,22.240290,-77.820589,5.0
Cayo Cruz,CYCZ,HCYOCRUZVA,HOTEL VALENTIN CAYO CRUZ,CYCZ,CAYO CRUZ,1199201.0,CU,CUBA,"CAYO CRUZ, JARDINES DEL REY, ESMERALDA,",nan,22.237477,-77.817987,4.0
Cayo Cruz,CYCZ,HCRUSWSANH,SANCTUARY WHITE SANDS,CYCZ,CAYO CRUZ,1422588.0,CU,CUBA,"CAYO CRUZ, CAMAGÜEY, ZIP CODE: 74120",nan,22.243440,-77.822362,5.0
Cayo Cruz,CYCZ,HCRUSWSAND,SANCTUARY WHITE SANDS,CYCZ,CAYO CRUZ,1422588.0,CU,CUBA,"CAYO CRUZ, CAMAGÜEY, ZIP CODE: 74120",nan,22.243440,-77.822362,5.0
Cayo Cruz,CYCZ,HCGAVMPS,HOTEL MARINA PLAZA & SPA,CYCZ,CAYO CRUZ,1162364.0,CU,CUBA,"VIAL SECUNDARIO 1, CAYO CRUZ, ESMERALDA",esp.comercial@plazacayocruz.gaviota.cu,22.236290,-77.820650,4.0
Cayo Guillermo,CAYG,HGMUTRLGBT,GRAN MUTHU RAINBOW,CAYG,CAYO GUILLERMO,1124859.0,CU,CUBA,"CYO GUILLERMO, CIEGO DE AVILA, CUBA",jefe.reservas@mgmrainbow.co.cu; booking@distalcaribe.co.cu,22.604639,-78.671158,5.0
Cayo Guillermo,CAYG,HCGUISFISH,STARFISH CAYO GUILLERMO,CAYG,CAYO GUILLERMO,34003.0,CU,CUBA,STARFISH CAYO GUILLERMO,nan,22.574871,-78.641907,3.0
Cayo Guillermo,CAYG,HCGUISFIHH,STARFISH CAYO GUILLERMO,CAYG,CAYO GUILLERMO,34003.0,CU,CUBA,STARFISH CAYO GUILLERMO,nan,22.574871,-78.641907,3.0
Cayo Guillermo,CAYG,HCGSOLCGM,HOTEL VIGIA,CAYG,CAYO GUILLERMO,21835.0,CU,CUBA,"JARDINES DEL REY, CAYO GUILLERMO.",ventas1@vigiacg.gca.tur.cu; booking@distalcaribe.co.cu,22.589950,-78.654300,4.0
Cayo Guillermo,CAYG,HCGMIBPPD,HOTEL IBEROSTAR ORIGIN PLAYA PILAR ,CAYG,CAYO GUILLERMO,423995.0,CU,CUBA,KILÓMETRO 55 APLAYA PILAR CAYO GUILLERMO,nan,22.611660,-78.684042,5.0
Cayo Guillermo,CAYG,HCGMIBPP,HOTEL IBEROSTAR ORIGIN PLAYA PILAR ,CAYG,CAYO GUILLERMO,423995.0,CU,CUBA,KILÓMETRO 55 APLAYA PILAR CAYO GUILLERMO,nan,22.611660,-78.684042,5.0
Cayo Guillermo,CAYG,HCGMIBDAIQ,HOTEL IBEROSTAR DAIQUIRI,CAYG,CAYO GUILLERMO,5904.0,CU,CUBA,CAYO GUILLERMO,nan,22.579989,-78.647120,4.0
Cayo Guillermo,CAYG,HCGMIBDAID,HOTEL IBEROSTAR DAIQUIRI,CAYG,CAYO GUILLERMO,5904.0,CU,CUBA,CAYO GUILLERMO,nan,22.579989,-78.647120,4.0
Cayo Guillermo,CAYG,HCGMELCGM,HOTEL CAMINO DEL MAR,CAYG,CAYO GUILLERMO,17224.0,CU,CUBA,"CAYO GUILLERMO, CIEGO DE AVILA",jefe.reservas.cg@cdmar.gca.tur.cu;booking@distalcaribe.co.cu,22.589059,-78.654145,5.0
Cayo Guillermo,CAYG,HCGGRKTG,PLAYA LUXURY CAYO GUILLERMO,CAYG,CAYO GUILLERMO,1079596.0,CU,CUBA,"CAYO GUILLERMO, CIEGO DE AVILA",nan,22.611704,-78.705698,5.0
Cayo Guillermo,CAYG,HCGGMI,GRAN MUTHU IMPERIAL ,CAYG,CAYO GUILLERMO,1280584.0,CU,CUBA,"CYO GUILLERMO, CIEGO DE AVILA, CUBA",jefe.ventas@mgmimperial.co.cu; booking@distalcaribe.co.cu,22.598675,-78.662254,5.0
Cayo Guillermo,CAYG,HCGGM,HOTEL GRAND MUTHU CAYO GUILLERMO ,CAYG,CAYO GUILLERMO,669523.0,CU,CUBA,"CYO GUILLERMO, CIEGO DE AVILA, CUBA",reservas@cg.grandmuthu.co.cu; booking@distalcaribe.co.cu,22.597051,-78.659840,5.0
Cayo Largo,CYL,VCAYOMARIN,VILLA MARINA,CYL,CAYO LARGO,,CU,CUBA,"CAYO LARGO DEL SUR, ISLA DE LA JUVENTUD,",nan,21.624197,-81.566160,4.0
Cayo Largo,CYL,VCAYOMARIH,VILLA MARINA,CYL,CAYO LARGO,195895.0,CU,CUBA,"CAYO LARGO DEL SUR, ISLA DE LA JUVENTUD,",nan,21.624197,-81.566160,4.0
Cayo Largo,CYL,VCAYOLINDH,VILLA LINDAMAR,CYL,CAYO LARGO,16362.0,CU,CUBA,"CAYO LARGO DEL SUR, ISLA DE LA JUVENTUD,",nan,21.598965,-81.517260,4.0
Cayo Largo,CYL,VCAYOLINDA,VILLA LINDAMAR,CYL,CAYO LARGO,16362.0,CU,CUBA,"CAYO LARGO DEL SUR, ISLA DE LA JUVENTUD,",nan,21.598965,-81.517260,4.0
Cayo Largo,CYL,VCAYOCAPRI,VILLA CAPRICE,CYL,CAYO LARGO,1718.0,CU,CUBA,"CAYO LARGO DEL SUR, ISLA DE LA JUVENTUD,",nan,21.600789,-81.506006,4.0
Cayo Largo,CYL,VCAYOCAPRH,VILLA CAPRICE,CYL,CAYO LARGO,1718.0,CU,CUBA,"CAYO LARGO DEL SUR, ISLA DE LA JUVENTUD,",nan,21.600789,-81.506006,4.0
Cayo Largo,CYL,HCYOSFCLH,STARFISH CAYO LARGO,CYL,CAYO LARGO,1717.0,CU,CUBA,"ARCHIPIÉLAGO DE LOS CANARREOS,",nan,21.602108,-81.523051,4.0
Cayo Largo,CYL,HCYOMELCYL,MEMORIES CAYO LARGO,CYL,CAYO LARGO,21836.0,CU,CUBA,"ARCHIPIÉLAGO DE LOS CANARREOS, CUBA",nan,21.599477,-81.529611,4.0
Cayo Largo,CYL,HCYOMELCYH,MEMORIES CAYO LARGO,CYL,CAYO LARGO,21836.0,CU,CUBA,"ARCHIPIÉLAGO DE LOS CANARREOS, CUBA",nan,21.599477,-81.529611,4.0
Cayo Largo,CYL,HCYOIBPLBH, SANCTUARY AT GRAND MEMORIES CAYO LARGO,CYL,CAYO LARGO,866402.0,CU,CUBA,ARCHIPIELAGO DE LOS CANARREOS,nan,21.604808,-81.500697,5.0
Cayo Largo,CYL,HCYOIBPLBE, SANCTUARY AT GRAND MEMORIES CAYO LARGO,CYL,CAYO LARGO,866402.0,CU,CUBA,ARCHIPIELAGO DE LOS CANARREOS,nan,21.604808,-81.500697,5.0
Cayo Paredon,CAYP,HGRASCPARE,HOTEL GRAN ASTON CAYO PAREDON,CAYP,CAYO PAREDON,1364465.0,CU,CUBA,"CAYO PAREDON, JARDINES DEL REY",cayoparedonss1@astonhotels.co.cu; booking@distalcaribe.co.cu,23.137801,-82.367057,5.0
Cayo Santa Maria,CSTM,HGMCSMH,HOTEL GRAND MEMORIES CAYO SANTA MARIA ,CSTM,CAYO SANTA MARIA,611485.0,CU,CUBA,"CYO SANTA MARIA, VILLA CLARA, CUBA",nan,22.657325,-79.029664,5.0
Cayo Santa Maria,CSTM,HGMCSM,HOTEL GRAND MEMORIES CAYO SANTA MARIA ,CSTM,CAYO SANTA MARIA,611485.0,CU,CUBA,"CYO SANTA MARIA, VILLA CLARA, CUBA",nan,22.657325,-79.029664,5.0
Cayo Santa Maria,CSTM,HCSMVALPBL,VALENTIN PERLA BLANCA,CSTM,CAYO SANTA MARIA,406005.0,CU,CUBA,"CAYO SANTA MARIA, VILLA CLARA",reservas1@valentinhotelscayosantamaria.co.cu,22.664889,-78.973179,5.0
Cayo Santa Maria,CSTM,HCSMTHEOTG,THE ONE GALLERY HOTEL,CSTM,CAYO SANTA MARIA,1367348.0,CU,CUBA,"CAYO LAS BRUJAS, CAYOS DE VILLA CLARA",nan,22.624948,-79.155785,5.0
Cayo Santa Maria,CSTM,HCSMSOLCSM,HOTEL SOL CAYO SANTA MARIA ,CSTM,CAYO SANTA MARIA,32100.0,CU,CUBA,"CAYO SANTA MARIA, CAIBARIEN, VILLA CLARA",nan,22.662378,-79.066646,4.0
Cayo Santa Maria,CSTM,HCSMSOLCSD,HOTEL SOL CAYO SANTA MARIA ,CSTM,CAYO SANTA MARIA,32100.0,CU,CUBA,"CAYO SANTA MARIA, CAIBARIEN, VILLA CLARA",nan,22.662378,-79.066646,4.0
Cayo Santa Maria,CSTM,HCSMSELCSM,THE ONE GALLERY HOTEL,CSTM,CAYO SANTA MARIA,1421093.0,CU,CUBA,"CAYO LAS BRUJAS, CAYOS DE VILLA CLARA",nan,22.624949,-79.155791,5.0
Cayo Santa Maria,CSTM,HCSMSECSM,HOTEL GRAND ASTON CAYO LAS BRUJAS,CSTM,CAYO SANTA MARIA,579964.0,CU,CUBA,JARDINES DEL REY 50100,LasBrujasSM@astonhotels.co.cu; booking@distalcaribe.co.cu,22.636022,-79.153877,5.0
Cayo Santa Maria,CSTM,HCSMOCECDM,HOTEL ROC CASA DEL MAR,CSTM,CAYO SANTA MARIA,425695.0,CU,CUBA,"CAIBARIÉN, JARDINES DEL REY, VILLA CLARA",jefe.comercial@roccasadelmar.co.cu;reserva.comercial@roccasadelmar.co.cu,22.662856,-78.991890,0.0
Cayo Santa Maria,CSTM,HCSMMPLCD,HOTEL PARADISUS LOS CAYOS,CSTM,CAYO SANTA MARIA,717803.0,CU,CUBA,"CAYO SANTA MARÍA, KM 48",nan,22.664283,-78.983656,5.0
Cayo Santa Maria,CSTM,HCSMMPLC,HOTEL PARADISUS LOS CAYOS,CSTM,CAYO SANTA MARIA,717803.0,CU,CUBA,"CAYO SANTA MARÍA, KM 48",nan,22.665662,-78.981370,5.0
Cayo Santa Maria,CSTM,HCSMMMPAH,MEMORIES PARAISO BEACH RESORT,CSTM,CAYO SANTA MARIA,359386.0,CU,CUBA,CAYO SANTA MARIA CALBARIEN,nan,22.658257,-79.031513,4.0
Cayo Santa Maria,CSTM,HCSMMMPA,MEMORIES PARAISO BEACH RESORT,CSTM,CAYO SANTA MARIA,359386.0,CU,CUBA,CAYO SANTA MARIA CALBARIEN,nan,22.658257,-79.031513,4.0
Cayo Santa Maria,CSTM,HCSMMELLDU,HOTEL MELIA LAS DUNAS ,CSTM,CAYO SANTA MARIA,76308.0,CU,CUBA,CAYO SANTA MARIA,nan,22.658165,-79.057163,5.0
Cayo Santa Maria,CSTM,HCSMMELLDD,HOTEL MELIA LAS DUNAS ,CSTM,CAYO SANTA MARIA,76308.0,CU,CUBA,CAYO SANTA MARIA,nan,22.658165,-79.057163,5.0
Cayo Santa Maria,CSTM,HCSMMELBUE,HOTEL MELIA BUENAVISTA ,CSTM,CAYO SANTA MARIA,231550.0,CU,CUBA,"CAYO SANTA MARIA, VILLA CLARA",nan,22.667814,-79.086859,5.0
Cayo Santa Maria,CSTM,HCSMMELBUD,HOTEL MELIA BUENAVISTA ,CSTM,CAYO SANTA MARIA,231550.0,CU,CUBA,"CAYO SANTA MARIA, VILLA CLARA",nan,22.667814,-79.086859,5.0
Cayo Santa Maria,CSTM,HCSMMCSMD,HOTEL MELIA CAYO SANTA MARIA,CSTM,CAYO SANTA MARIA,47931.0,CU,CUBA,"CAYO SANTA MARÍA,KM 40, JARDINES DEL REY",nan,22.659687,-79.063598,5.0
Cayo Santa Maria,CSTM,HCSMMCSM,HOTEL MELIA CAYO SANTA MARIA,CSTM,CAYO SANTA MARIA,47931.0,CU,CUBA,"CAYO SANTA MARÍA,KM 40, JARDINES DEL REY",nan,22.659687,-79.063598,5.0
Cayo Santa Maria,CSTM,HCSMIBENSE,HOTEL IBEROSTAR SELECTION ENSENACHOS,CSTM,CAYO SANTA MARIA,64553.0,CU,CUBA,"CAYO ENSENACHOS,",nan,22.643128,-79.087374,5.0
Cayo Santa Maria,CSTM,HCSMIBENSD,HOTEL IBEROSTAR SELECTION ENSENACHOS,CSTM,CAYO SANTA MARIA,64553.0,CU,CUBA,"CAYO ENSENACHOS,",nan,22.643128,-79.087374,5.0
Cayo Santa Maria,CSTM,HCSMGTACR,GRAN MUTHU CAYO SANTA MARIA,CSTM,CAYO SANTA MARIA,310918.0,CU,CUBA,"CAYO SANTA MARIA, CAIBAIRIEN",reservas1@mgmcayosantamaria.co.cu;booking@distalcaribe.co.cu,22.658728,-79.020864,5.0
Cayo Santa Maria,CSTM,HCSMGSCSM,GRAND SIRENIS CAYO SANTA MARÍA,CSTM,CAYO SANTA MARIA,1193090.0,CU,CUBA,"PLAYA LAS SALINAS,52610 CAYO LAS BRUJAS,",reservas@sirenishotels.co.cu; booking@distalcaribe.co.cu,22.624406,-79.155111,5.0
Cayo Santa Maria,CSTM,HCSMGAVPCH,HOTEL PLAYA CAYO SANTA MARIA ,CSTM,CAYO SANTA MARIA,261112.0,CU,CUBA,CAYO SANTA MARIA,reservas1@playacayosantamaria.co.cu,22.658948,-79.049742,5.0
Cayo Santa Maria,CSTM,HCSMD,HOTEL DHAWA CAYO SANTA MARIA ,CSTM,CAYO SANTA MARIA,647770.0,CU,CUBA,"CAYO LAS BRUJAS,50100 CAIBARIEN,VILLA CL",reservas@dhawa.co.cu,22.635340,-79.151787,4.0
Cayo Santa Maria,CSTM,HCSMCLENSD,IBEROSTAR CORAL ENSENACHOS,CSTM,CAYO SANTA MARIA,1110947.0,CU,CUBA,"CAYO ENSENACHOS,",nan,22.643128,-79.087374,5.0
Cayo Santa Maria,CSTM,HCSMCLENS,IBEROSTAR CORAL ENSENACHOS,CSTM,CAYO SANTA MARIA,1110947.0,CU,CUBA,"CAYO ENSENACHOS,",nan,22.643128,-79.087374,5.0
Cayo Santa Maria,CSTM,HCSMBDSCSM,HOTEL RESONANCE MUSIQUE SANTA MARIA,CSTM,CAYO SANTA MARIA,1404000.0,CU,CUBA,"CAYO SANTA MARÍA, CAIBARIÉN, VILLA CLARA",nan,22.657730,-79.041835,4.0
Cayo Santa Maria,CSTM,HCSMBDSCSH,HOTEL RESONANCE MUSIQUE SANTA MARIA,CSTM,CAYO SANTA MARIA,1404000.0,CU,CUBA,"CAYO SANTA MARÍA, CAIBARIÉN, VILLA CLARA",nan,22.657730,-79.041835,4.0
Cayo Santa Maria,CSTM,HCSMBDSCH,SANCTUARY AT GRAND MEMORIES SANTA MARIA,CSTM,CAYO SANTA MARIA,681428.0,CU,CUBA,"CYO SANTA MARIA, VILLA CLARA, CUBA",nan,22.657325,-79.029664,4.0
Cayo Santa Maria,CSTM,HCSMBDRCTG,HOTEL ROYALTON CAYO SANTA MARIA ,CSTM,CAYO SANTA MARIA,297311.0,CU,CUBA,"CAYO SANTA MARIA, CAIBARIEN",nan,22.657433,-79.037608,5.0
Cayo Santa Maria,CSTM,HCSMBDRCSM,HOTEL ROYALTON CAYO SANTA MARIA ,CSTM,CAYO SANTA MARIA,297311.0,CU,CUBA,"CAYO SANTA MARIA, CAIBARIEN",nan,22.657433,-79.037608,5.0
Cayo Santa Maria,CSTM,HCSMACSM,HOTEL ANGSANA CAYO SANTA MARIA ,CSTM,CAYO SANTA MARIA,890763.0,CU,CUBA,"CAYO SANTA MARIA, LAS BRUJAS, CAIBARIEN",reservas@angsanacsm.co.cu,22.636297,-79.141164,5.0
Cienfuegos,CFG,HMSCCFG,HOTEL MELIA SAN CARLOS ,CFG,CIENFUEGOS,717810.0,CU,CUBA,"CALLE SAN CARLOS, ENTRE GACEL Y HORRUTIN",reservas2.mlu@meliacuba.com;booking@distalcaribe.com,22.146199,-80.449900,5.0
Cienfuegos,CFG,HCFGGCRANL,HOTEL RANCHO LUNA ,CFG,CIENFUEGOS,63902.0,CU,CUBA,"KM 17 CARR.A PASACABALLO, PLAYA RANCHO L",comercial@ranluna.cfg.tur.cu; booking@distalcaribe.co.cu,22.035780,-80.414070,3.0
Cienfuegos,CFG,HCFGGCLAUN,LA UNIÓN MANAGED BY MELIÁ HOTELS INTERNATIONAL,CFG,CIENFUEGOS,26429.0,CU,CUBA,CALLE 31 (D' CLOUET) ENTRE 54 Y 56,jefe.reservas.mlu@meliacuba.com,22.127012,-80.451358,4.0
Gibara,GIBC,HTGIBPLCOL,HOTEL E PLAZA COLON,GIBC,GIBARA,1400085.0,CU,CUBA,GIBARA,reservas@cubanacangibara.tur.cu;booking@distalcaribe.co.cu,21.110416,-76.130019,4.0
Gibara,GIBC,HHOLIBGIB, HOTEL  E ORDOÑO,GIBC,GIBARA,365361.0,CU,CUBA,GIBARA,reservas@cubanacangibara.tur.cu;booking@distalcaribe.co.cu,21.109463,-76.128928,4.0
Granma,GRNM,HGRMIAZSRM,HOTEL SIERRA MAESTRA,GRNM,GRANMA,103242.0,CU,CUBA,"GRANMA, CUBA",booking@distalcaribe.co.cu,20.360683,-76.633417,2.0
Granma,GRNM,HGRMGYB,HOTEL GUACANAYABO,GRNM,GRANMA,371537.0,CU,CUBA,AVENIDA CAMILO CIENFUEGOS,nan,20.340288,-77.134147,2.0
Granma,GRNM,HCUGRMARPO,RESONANCE MUSIQUE MAREA,GRNM,GRANMA,16844.0,CU,CUBA,"CARRETERA GRANMA, KM 12 1",nan,19.914345,-77.201479,3.0
Granma,GRNM,HCUGRMARPH,RESONANCE BLUE MAREA,GRNM,GRANMA,1461857.0,CU,CUBA,"CARRETERA GRANMA, KM 12 1, MAREA DEL PO",nan,19.914345,-77.201479,3.0
Granma,GRNM,HCUGRMARHH,RESONANCE MUSIQUE MAREA,GRNM,GRANMA,16844.0,CU,CUBA,"CARRETERA GRANMA, KM 12 1",nan,19.914345,-77.201479,3.0
Guantanamo,GUAQ,HMIAGRA,HOTEL MARTI,GUAQ,GUANTANAMO,554500.0,CU,CUBA,"GUANTANAMO, CUBA",nan,20.143697,-75.203154,3.0
Guantanamo,GUAQ,HGTMGTM, HOTEL GUANTANAMO,GUAQ,GUANTANAMO,367785.0,CU,CUBA,GUANTÁNAMO,nan,20.152681,-75.209384,2.0
Holguin,HOG,HTLTPCVPMA,VILLA PINARES DE MAYARI,HOG,HOLGUIN,299115.0,CU,CUBA,LOMA LA MENSURA PINARES DE MAYARÍ,ejecutivo.comercial@vpinares.co.cu,20.482029,-75.803706,3.0
Holguin,HOG,HHOLIAZPER,HOTEL PERNIK,HOG,HOLGUIN,18964.0,CU,CUBA,HOLGUIN,programadora1@cr.islazul.tur.cu,20.889735,-76.240485,3.0
Holguin,HOG,HHOLCCESAR,HOTEL E SARATOGA,HOG,HOLGUIN,1416798.0,CU,CUBA,"CALLE MARTÍ, ESQUINA MACEO",comercial@cubanacanhlg.tur.cu,20.886142,-76.259469,4.0
Holguin,HOG,HHOLCABH,HOTEL ENCANTO CABALLERIZA,HOG,HOLGUIN,555467.0,CU,CUBA,MIRÓ # 203 % LUZ CABALLERO Y ARICOCHEA,nan,20.885454,-76.257387,4.0
Holguin,HOG,HHOLCAB,HOTEL ENCANTO CABALLERIZA,HOG,HOLGUIN,555467.0,CU,CUBA,MIRÓ # 203 % LUZ CABALLERO Y ARICOCHEA,nan,20.885454,-76.257387,4.0
Holguin,HOG,HDLIGLV,HOTEL VILLA DON LINO ,HOG,HOLGUIN,367783.0,CU,CUBA,CARRETERA PLAYA BLANCA KM 7 1/2,programadora1@cr.islazul.tur.cu,21.087551,-75.996416,3.0
La Habana,HAV,PCHBA,HOTEL BLAU ARENAL HABANA BEACH,HAV,HAVANA,1725.0,CU,CUBA,"LAGUNA DE BOCA CIEGA,SANTA MARÍA DEL MAR",jcarpeta@arenal.tur.cu;booking@distalcaribe.co.cu,23.170511,-82.164119,4.0
La Habana,HAV,HTHAV500,HOTEL VEDADO 500,HAV,HAVANA,1237851.0,CU,CUBA,"27 Y O VEDADO, PLAZA",reserva@vedado.gca.tur.cu; booking@distalcaribe.co.cu,23.142564,-82.385419,3.0
La Habana,HAV,HHMGMH,HOTEL GRAN MUTHU HABANA,HAV,HAVANA,1362180.0,CU,CUBA,"MIRAMAR PLAYA, 3RA Y 70",reservas@mgmhabana.co.cu,23.113422,-82.437900,5.0
La Habana,HAV,HHAVSA,HOTEL SAN ALEJANDRO,HAV,HAVANA,418047.0,CU,CUBA,LA HABANA,nan,23.091783,-82.422759,3.0
La Habana,HAV,HHAVROYAH,HOTEL ROYALTON HABANA,HAV,HAVANA,1024958.0,CU,CUBA,CALLE PRADO E/MALECON Y SAN LAZARO,nan,23.145374,-82.358423,5.0
La Habana,HAV,HHAVROCPRE,HOTEL PRESIDENTE ,HAV,HAVANA,19407.0,CU,CUBA,LA HABANA,reservas@hpdte.gca.tur.cu,23.142851,-82.394552,4.0
La Habana,HAV,HHAVPDLCH,PALACIO DE LOS CORREDORES,HAV,HAVANA,1305792.0,CU,CUBA,"OFICIOS 154, /TENIENTE REY Y AMARGURA",reservas2@occ.gaviota.cu;reservas1@occ.gaviota.cu,23.137462,-82.348932,4.5
La Habana,HAV,HHAVNHVICT,HOTEL NH VICTORIA,HAV,HAVANA,78156.0,CU,CUBA,"CALLE 19 ESQ. M, VEDADO",reservas1@capri.gca.tur.cu,23.141934,-82.384131,4.0
La Habana,HAV,HHAVNHC, HOTEL NH CAPRI,HAV,HAVANA,9693.0,CU,CUBA,"CALLE 21 ESQUINA N, VEDADO",reservas2@capri.gca.tur.cu,23.142173,-82.382597,4.0
La Habana,HAV,HHAVMYREGH,MYSTIQUE HABANA,HAV,HAVANA,1340708.0,CU,CUBA,"LA HABANA ,CUBA",nan,23.141621,-82.358464,5.0
La Habana,HAV,HHAVMYREG,MYSTIQUE HABANA,HAV,HAVANA,1340708.0,CU,CUBA,"LA HABANA ,CUBA",nan,23.141621,-82.358464,5.0
La Habana,HAV,HHAVMTHLD,HOTEL TRYP HABANA LIBRE,HAV,HAVANA,1721.0,CU,CUBA,CALLE 23 ESQUINA L,nan,23.139335,-82.382233,4.0
La Habana,HAV,HHAVMTHL,HOTEL TRYP HABANA LIBRE,HAV,HAVANA,1721.0,CU,CUBA,CALLE 23 ESQUINA L,nan,23.139335,-82.382233,4.0
La Habana,HAV,HHAVMERSEV,HOTEL  SEVILLA ,HAV,HAVANA,21451.0,CU,CUBA,CLLE TROCADERO NO. 55 E/ PRADO Y ZULUETA,nan,23.140311,-82.358209,4.0
La Habana,HAV,HHAVMERSED,HOTEL SEVILLA HABANA AFFILIATED BY MELIA,HAV,HAVANA,21451.0,CU,CUBA,CLLE TROCADERO NO. 55 E/ PRADO Y ZULUETA,nan,,,4.0
La Habana,HAV,HHAVMEMJIH,HOTEL MEMORIES JIBACOA ,HAV,HAVANA,1072746.0,CU,CUBA,PLAYA ARROYO BERMEJO VIA BLANCA KM 60,nan,23.148430,-81.818111,4.0
La Habana,HAV,HHAVMEMJIB,HOTEL MEMORIES JIBACOA ,HAV,HAVANA,22408.0,CU,CUBA,PLAYA ARROYO BERMEJO VIA BLANCA KM 60,nan,23.148430,-81.818111,4.0
La Habana,HAV,HHAVMELHAD, HOTEL MELIA HABANA ,HAV,HAVANA,27848.0,CU,CUBA,"AVE 3RA % 76 Y 80, MIRAMAR",nan,23.109507,-82.441804,5.0
La Habana,HAV,HHAVMELHAB, HOTEL MELIA HABANA ,HAV,HAVANA,27848.0,CU,CUBA,"AVE 3RA % 76 Y 80, MIRAMAR",nan,23.109507,-82.441804,5.0
La Habana,HAV,HHAVMCOD,HOTEL MELIA COHIBA ,HAV,HAVANA,1723.0,CU,CUBA,CALLE PASEO E/C 1RA Y 3RA VEDADO,nan,23.139753,-82.402820,5.0
La Habana,HAV,HHAVMCO,HOTEL MELIA COHIBA ,HAV,HAVANA,1723.0,CU,CUBA,CALLE PASEO E/C 1RA Y 3RA VEDADO,nan,23.139753,-82.402820,5.0
La Habana,HAV,HHAVL,HOTEL LIDO,HAV,HAVANA,41333.0,CU,CUBA,LA HABANA,nan,23.140519,-82.360150,2.0
La Habana,HAV,HHAVINNSID,INNSIDE HABANA CATEDRAL,HAV,HAVANA,1390013.0,CU,CUBA,"EMPEDRADO NO. 113, LA HABANA VIEJA",nan,23.141175,-82.351045,5.0
La Habana,HAV,HHAVINNSDD,INNSIDE HABANA CATEDRAL,HAV,HAVANA,1390013.0,CU,CUBA,"EMPEDRADO NO. 113, LA HABANA VIEJA",nan,23.141175,-82.351045,5.0
La Habana,HAV,HHAVIBSHD,HOTEL IBEROSTAR SELECTION LA HABANA,HAV,HAVANA,1425147.0,CU,CUBA,23 / K Y L. PLAZA DE LA REVOLUCION,nan,23.138627,-82.384402,5.0
La Habana,HAV,HHAVIBSH,HOTEL IBEROSTAR SELECTION LA HABANA,HAV,HAVANA,1425147.0,CU,CUBA,23 / K Y L. PLAZA DE LA REVOLUCION,nan,23.138627,-82.384402,5.0
La Habana,HAV,HHAVIBPCTL,HOTEL IBEROSTAR PARQUE CENTRAL,HAV,HAVANA,13307.0,CU,CUBA,NEPTUNO  E/PRADO Y ZULUETA,nan,23.138605,-82.358834,5.0
La Habana,HAV,HHAVIBPCTD,HOTEL IBEROSTAR PARQUE CENTRAL,HAV,HAVANA,13307.0,CU,CUBA,NEPTUNO  E/PRADO Y ZULUETA,nan,23.138605,-82.358834,5.0
La Habana,HAV,HHAVIBMTD, IBEROSTAR MARQUES DE LA TORRE,HAV,HAVANA,1424269.0,CU,CUBA,NEPTUNO  E/PRADO Y ZULUETA,nan,23.138977,-82.358292,5.0
La Habana,HAV,HHAVIBGHPD,HOTEL IBEROSTAR GRAND PACKARD,HAV,HAVANA,749755.0,CU,CUBA,"51 PASEO DE MARTÍ, LA HABANA, CUBA",nan,23.143767,-82.358260,5.0
La Habana,HAV,HHAVIBGHP,HOTEL IBEROSTAR GRAND PACKARD,HAV,HAVANA,749755.0,CU,CUBA,"51 PASEO DE MARTÍ, LA HABANA, CUBA",nan,23.143767,-82.358260,5.0
La Habana,HAV,HHAVIAZTUL,HOTEL TULIPAN,HAV,HAVANA,527624.0,CU,CUBA,"BOYEROS Y TULIPAN, LA HABANA",nan,23.116553,-82.391884,3.0
La Habana,HAV,HHAVIAC,HOTEL COLINA,HAV,HAVANA,63180.0,CU,CUBA,L Y 27 VEDADO PLAZA DE LA REVOLUCION,nan,23.137927,-82.381742,4.0
La Habana,HAV,HHAVHVTH,STARFISH JIBACOA,HAV,HAVANA,103805.0,CU,CUBA,"PLAYA ARROYO BERMEJO, VÍA BLANCA KM. 60",nan,23.148780,-81.820676,3.0
La Habana,HAV,HHAVHVT,STARFISH JIBACOA,HAV,HAVANA,103805.0,CU,CUBA,"PLAYA ARROYO BERMEJO, VÍA BLANCA KM. 60",nan,23.148726,-81.822101,3.0
La Habana,HAV,HHAVHTFH,HOTEL AXEL TELEGRAFO LA HABANA,HAV,HAVANA,26298.0,CU,CUBA,"416 PASEO DE MARTÍ, ESQUINA NEPTUNO,",nan,23.138071,-82.359612,4.0
La Habana,HAV,HHAVHTF,HOTEL AXEL TELEGRAFO LA HABANA,HAV,HAVANA,26298.0,CU,CUBA,"416 PASEO DE MARTÍ, ESQUINA NEPTUNO,",nan,23.138071,-82.359612,4.0
La Habana,HAV,HHAVHSI,HOTEL SANTA ISABEL,HAV,HAVANA,21075.0,CU,CUBA,CALLE BARATILLO NO. 9 E/ OBISPO Y N. LOP,reservas1@occ.gaviota.cu;booking@distalcaribe.co.cu,23.140204,-82.348832,5.0
La Habana,HAV,HHAVHSF,HOTEL SAN FELIPE,HAV,HAVANA,75603.0,CU,CUBA,OFICIOS 152 ESQUINA A MERCADERES,reservas1@occ.gaviota.cu;booking@distalcaribe.co.cu,23.137607,-82.348929,0.0
La Habana,HAV,HHAVGSHAB,GRAND ASTON HABANA,HAV,HAVANA,1300396.0,CU,CUBA,AVENIDA MALECÓN ENTRE 1ERA Y CALLE D,reservas2@astonlh.co.cu,23.143233,-82.398187,5.0
La Habana,HAV,HHAVGHMANK,GRAN HOTEL MANZANA KEMPINSKI,HAV,HAVANA,649491.0,CU,CUBA,CALLE SAN RAFAEL HABANA VIEJA 10100,reservations.lahabana@kempinski.co.cu,23.138101,-82.357912,5.0
La Habana,HAV,HHAVGHBRIS,GRAN HOTEL BRISTOL LA HABANA,HAV,HAVANA,1232689.0,CU,CUBA,CALLE TENIENTE REY HABANA VIEJA CP 10100,reservas@granhotelbristol.co.cu; booking@distalcaribe.co.cu,23.135386,-82.357452,5.0
La Habana,HAV,HHAVGCVSJ,HOTEL VEDADO,HAV,HAVANA,1009374.0,CU,CUBA,"27 Y O VEDADO, PLAZA",reserva@vedado.gca.tur.cu; booking@distalcaribe.co.cu,23.140612,-82.380035,3.0
La Habana,HAV,HHAVGCPLAZ,HOTEL PLAZA ,HAV,HAVANA,1724.0,CU,CUBA,ZULUETA 267/ VIRTUDES Y NEPTUNO,reserva@plaza.gca.tur.cu,23.138648,-82.358003,4.0
La Habana,HAV,HHAVGCINTG,HOTEL INGLATERRA ,HAV,HAVANA,14788.0,CU,CUBA,PASEO DEL PRADO NO 416/SAN RAFAEL,nan,23.137477,-82.359343,4.0
La Habana,HAV,HHAVGCINGL,HOTEL INGLATERRA ,HAV,HAVANA,14788.0,CU,CUBA,PASEO DEL PRADO NO 416/SAN RAFAEL,nan,23.137477,-82.359343,4.0
La Habana,HAV,HHAVGCHNAC,HOTEL NACIONAL ,HAV,HAVANA,17802.0,CU,CUBA,"CALLE 21 Y O, VEDADO",reservas1@gcnacio.gca.tur.cu; booking@distalcaribe.co.curese,23.143576,-82.380598,5.0
La Habana,HAV,HHAVGCDEAU, HOTEL DEAUVILLE,HAV,HAVANA,11265.0,CU,CUBA,"MALECON Y GALEANO, CENTRO HABANA",reservas@hdeauvil.gca.tur.cu; booking@distalcaribe.co.cu,23.141805,-82.363606,3.0
La Habana,HAV,HHAVCUCOPA,HOTEL COPACABANA,HAV,HAVANA,13379.0,CU,CUBA,"AVE 1RA 4404 E/ 44 Y 46, MIRAMAR",reserva@copa.tur.cu; booking@distalcaribe.co.cu,23.117815,-82.434212,3.0
La Habana,HAV,HHAVCUCOMO,HOTEL COMODORO,HAV,HAVANA,10677.0,CU,CUBA,"CALLE 3RA Y 84, MIRAMAR, PLAYA",reservas@comodoro.cha.tur.cu;booking@distalcaribe.co.cu,23.106450,-82.445663,4.0
La Habana,HAV,HHAVCUBMAR,HOTEL MARIPOSA,HAV,HAVANA,29663.0,CU,CUBA,"AUTOPISTA NOVIA DEL MEDIODÍA, KM 6 1/2",comercio@maripos.cha.tur.cu;booking@distalcaribe.co.cu,23.036130,-82.474697,2.0
La Habana,HAV,HHAVCUBACU,HOTEL ACUARIO,HAV,HAVANA,103241.0,CU,CUBA,CALLE 248 Y 5TA AVE SANTA FE.PLAYA,reserva@hmar.mh.tur.cu;booking@distalcaribe.co.cu,23.088958,-82.496430,3.0
La Habana,HAV,HHAVCEVSJ,HOTEL PLUS SAINT JOHNS,HAV,HAVANA,20868.0,CU,CUBA,"27 Y O VEDADO, PLAZA",reserva@vedado.gca.tur.cu; booking@distalcaribe.co.cu,23.140612,-82.380035,3.0
La Habana,HAV,HHAVCBB,HOTEL CARIBBEAN,HAV,HAVANA,63179.0,CU,CUBA,LA HABANA,nan,23.141738,-82.359224,2.0
La Habana,HAV,HHAVBDSFHH,STARFISH MONTEHABANA,HAV,HAVANA,77769.0,CU,CUBA,"CALLE 70 E/5TA A Y 7MA MIRAMAR, PLAYA",nan,23.108742,-82.436018,3.0
La Habana,HAV,HHAVBDMMH,HOTEL MEMORIES MIRAMAR HABANA,HAV,HAVANA,29677.0,CU,CUBA,CALLE,nan,23.107936,-82.437780,4.0
La Habana,HAV,HHAVBDMM,HOTEL MEMORIES MIRAMAR HABANA,HAV,HAVANA,29677.0,CU,CUBA,CALLE,nan,23.107936,-82.437780,4.0
La Habana,HAV,HHAVARMH,HOTEL ARMADORES DE SANTANDER ,HAV,HAVANA,40992.0,CU,CUBA,"SAN PEDRO Y LUZ, HABANA VIEJA",reservas1@occ.gaviota.cu;reservas2@occ.gaviota.cu,23.134411,-82.347605,4.0
La Habana,HAV,HHAVACPRA,HOTEL ROYALTON HABANA,HAV,HAVANA,1024958.0,CU,CUBA,CALLE PRADO E/MALECON Y SAN LAZARO,nan,23.145374,-82.358423,5.0
La Habana,HAV,HHAV5TAAVE,VALENTIN QUINTA AVENIDA HABANA,HAV,HAVANA,182753.0,CU,CUBA,"5TA AVE, E/ 76 Y 80, MIRAMAR, PLAYA,",jefe.ventas@quintavenida.co.cu,23.106326,-82.439057,4.0
La Habana,HAV,HCGAVPMCH,MARQUEZ DE CARDENAS DE MONTEHERMOSO,HAV,HAVANA,1233684.0,CU,CUBA,OFICIOS NO. 110 ENTRE AMARGURA Y LAMPARI,reservas2@occ.gaviota.cu;reservas1@occ.gaviota.cu,23.138035,-82.348871,5.0
Matanzas,MATZ,HMTZELOUVR,HOTEL E LOUVRE,MATZ,MATANZAS,1281936.0,CU,CUBA,MILANÉS Y PARQUE DE LA LIBERTAD,booking@distalcaribe.co.cu; recepcion3@velasco.mtz.tur.cu,23.049490,-81.577327,4.0
Matanzas,MATZ,HMTZCUEVEL,HOTEL E VELASCO,MATZ,MATANZAS,400782.0,CU,CUBA,CONTRERAS E/ SANTA TERESA Y AYUNTAMIENTO,booking@distalcaribe.co.cu; recepcion@velasco.mtz.tur.cu,23.047552,-81.578076,4.0
Matanzas,MATZ,HMTZCUBPGR,HOTEL PLAYA GIRON,MATZ,MATANZAS,21714.0,CU,CUBA,"PLAYA GIRON, CIENAGA DE ZAPATA",booking@distalcaribe.co.cu;recepcion@hpgiron.co.cu,22.065803,-81.033928,2.0
Matanzas,MATZ,HMTZARIOSJ,HOTEL RIO SAN JUAN,MATZ,MATANZAS,1038427.0,CU,CUBA,MATANZAS,nan,23.045513,-81.576726,4.0
Pinar Del Rio,QPD,HPRIIAVA,HOTEL VUELTABAJO,QPD,PINAR DEL RIO,102660.0,CU,CUBA,"VUELTABAJO, PINAR DEL RIO",nan,22.416410,-83.698340,3.0
Pinar Del Rio,QPD,HPRICUBHSO,VILLA SOROA,QPD,PINAR DEL RIO,21726.0,CU,CUBA,"CTRA.A SOROA, KM 8, CANDELARIA",booking@distalcaribe.co.cu,22.806292,-83.010579,3.0
Pinar Del Rio,QPD,HPNRGVMLG,MARIA LA GORDA ,QPD,PINAR DEL RIO,41471.0,CU,CUBA,"PINAR DEL RIO, CUBA",nan,21.819092,-84.495771,3.0
Pinar Del Rio,QPD,HHABCUMOKA,HOTEL MOKA,QPD,PINAR DEL RIO,17598.0,CU,CUBA,KM. 52 ½ AUTOPISTA LA HABANA - PINAR DEL,nan,22.843100,-82.943922,4.0
Playa Larga,PLG,HMTZCUPLAR,HOTEL PLAYA LARGA,PLG,LA PLAGNE,19157.0,FR,FRANCE,"PLAYA LARGA, MATANZAS",dcomercial@peninsula.tur.cu,22.281628,-81.196668,0.0
Sancti Spiritus,SSSS,HTLTPCVCAB,VILLA CABURNÍ,SSSS,SANCTI SPIRITUS,553162.0,CU,CUBA,"TOPES DE COLLANTES, SIERRA ESCAMBRA","comercial@topesdecollantes.co.cu,booking@distalcaribe.co.cu",21.919445,-80.017053,3.0
Sancti Spiritus,SSSS,HTLTPCLHEL,HOTEL LOS HELECHOS,SSSS,SANCTI SPIRITUS,82398.0,CU,CUBA,"TOPES DECOLLANTES,TRINIDAD, Z CODE:62600",nan,21.911510,-80.019264,3.0
Sancti Spiritus,SSSS,HTLSSPVSJL,VILLA SAN JOSE DEL LAGO ,SSSS,SANCTI SPIRITUS,372015.0,CU,CUBA,"AVE. ANTONIO GUITERAS KM 1 ½, MAYAJIGUA",nan,22.229738,-79.071214,3.0
Sancti Spiritus,SSSS,HTLSSPVLAU,VILLA LOS LAURELES ,SSSS,SANCTI SPIRITUS,29668.0,CU,CUBA,"CARRETERA CENTRAL, KM 383, SANCTI SPÍRIT",programadora1@cr.islazul.tur.cu;booking@distalcaribe.co.cu,21.964687,-79.450104,3.0
Sancti Spiritus,SSSS,HSSPGCRH,HOTEL RANCHO HATUEY,SSSS,SANCTI SPIRITUS,368876.0,CU,CUBA,CARRETERA CENTRAL KM.38,dfrias@islazulssp.tur.cu;booking@distalcaribe.co.cu,21.957684,-79.453634,3.0
Santa Clara,SNTA,HVCLCULC,HOTEL LOS CANEYES ,SNTA,SANTA CLARA,78007.0,CU,CUBA,AVENIDA EUCALIPTOS Y CIRCUNVALACIÓN,booking@distalcaribe.co.cu;comercial@caneyes.vcl.tur.cu,22.401872,-79.999963,3.0
Santa Clara,SNTA,HVCLCUGRAN,HOTEL LA GRANJITA,SNTA,SANTA CLARA,29679.0,CU,CUBA,"CARRETERA DE MALEZAS, KM. 1 ½",booking@distalcaribe.co.cu;reserva@granjita.vcl.tur.cu,22.440729,-79.935767,3.0
Santa Clara,SNTA,HVCLCUAME,HOTEL  AMÉRICA ,SNTA,SANTA CLARA,261321.0,CU,CUBA,"MUJICA 9 / COLON Y MACEO, SANTA CLARA",reservas@caneyes.vcl.tur.cu;booking@distalcaribe.co.cu,22.406327,-79.964168,4.0
Santa Clara,SNTA,HVCCUESAG,HOTEL E SAGUA,SNTA,SANTA CLARA,1281949.0,CU,CUBA,CALLE CARMEN RIBALTA ENTRE MARTI Y CLARA,jcomercial@caneyes.vcl.tur.cu,22.803787,-80.070260,4.0
Santa Clara,SNTA,HVCCUEBAR,HOTEL E. BARCELONA ,SNTA,SANTA CLARA,407232.0,CU,CUBA,JOSÉ ANTONIO PEÑA # 67/MÁXIMO GÓMEZ,booking2@distalcaribe.co.cu;reservas@caneyes.vcl.tur.cu,22.494318,-79.545345,4.0
Santa Clara,SNTA,HVCCUBHC, HOTEL  E CENTRAL VILLA CLARA ,SNTA,SANTA CLARA,784295.0,CU,CUBA,CALLE PARQUE E/ PADRE CHAO Y MARTA ABREU,jcomercial@caneyes.vcl.tur.cu;booking@distalcaribe.co.cu,22.418020,-79.982854,4.0
Santa Lucia,STLQ,HSTLCBGCST,RESONANCE MUSIQUE SANTA LUCIA,STLQ,SANTA LUCIA,1731.0,CU,CUBA,"PLAYA SANTA LUCÍA, NUEVITAS, CAMAGUEY",nan,21.565905,-77.044987,3.0
Santa Lucia,STLQ,HSTLCBGCSH,RESONANCE MUSIQUE SANTA LUCIA,STLQ,SANTA LUCIA,,CU,CUBA,"PLAYA SANTA LUCÍA, NUEVITAS, CAMAGUEY",nan,,,3.0
Santa Lucia,STLQ,HSTLCBGCHH,RESONANCE BLU SANTA LUCIA,STLQ,SANTA LUCIA,,CU,CUBA,"PLAYA SANTA LUCÍA, NUEVITAS, CAMAGUEY",nan,21.565905,-77.044987,3.0
Santa Lucia,STLQ,HSTLCBBSTL,HOTEL BRISAS SANTA LUCIA ,STLQ,SANTA LUCIA,1730.0,CU,CUBA,"AVE TARARACO, SANTA LUCÍA, CAMAGUEY",comerc@brisas.stl.tur.cu;booking@distalcaribe.co.cu,21.562376,-77.043221,4.0
Santa Lucia,STLQ,HSACSANLUH,HOTEL SANCTUARY SANTA LUCIA,STLQ,SANTA LUCIA,1422589.0,CU,CUBA,"AVE TARARACO, PLAYA SANTA LUCÍA, NUEVITA",nan,21.559089,-77.043528,5.0
Santa Lucia,STLQ,HSACSANLUC,HOTEL SANCTUARY SANTA LUCIA,STLQ,SANTA LUCIA,1422589.0,CU,CUBA,"AVE TARARACO, PLAYA SANTA LUCÍA, NUEVITA",nan,21.559089,-77.043528,5.0
Santiago De Cuba,SAA,HTLSGOVGST,VILLA GAVIOTA SANTIAGO,SAA,SANTIAGO DE CUBA,135966.0,CU,CUBA,AVE. MANDULEY NO. 502 E/ 19 Y 21,ejecutivo.comercial@gaviota.co.cu,20.029130,-75.799286,3.0
Santiago De Cuba,SAA,HSGOMELSGO,HOTEL MELIA SANTIAGO,SAA,SANTIAGO DE CUBA,17235.0,CU,CUBA,AVE LAS AMERICAS Y CALLE M 90400,reservas1.msc@meliacuba.com; booking@distalcaribe.co.cu,20.026969,-75.810521,5.0
Santiago De Cuba,SAA,HSCUIBCG,HOTEL CUBANACAN CASA GRANDA,SAA,SANTIAGO DE CUBA,9933.0,CU,CUBA,"HEREDIA 201, ESQ. SAN PEDRO",jefe.ventas@casagranda.tur.cu,20.021165,-75.829128,4.0
Santiago De Cuba,SAA,HSCUELCOBR,HOTEL E EL COBRE ,SAA,SANTIAGO DE CUBA,1291842.0,CU,CUBA,AURELIO FDEZ. E/ AVE. ANTOLIN CEBRECO,booking@distalcaribe.com,20.047020,-75.949230,4.0
Santiago De Cuba,SAA,HSCUCUGALE,BRISAS LOS GALEONES,SAA,SANTIAGO DE CUBA,302442.0,CU,CUBA,"CARRETERA A CHIVIRICO KM. 72, CHIVIRICO",booking@distalcaribe.co.cu;reservat@smar.scu.tur.cu,19.966962,-76.404384,4.0
Santiago De Cuba,SAA,HCCSGOPER,HOTEL LOS PEREGRINOS,SAA,SANTIAGO DE CUBA,,CU,CUBA,CARRETERA DEL POBLADO DEL COBRE,eduardo.castillo@cobre.tu.cu ;booking@distalcaribe.co.cu,20.058283,-75.937162,4.0
Trinidad,TRI,HTRNMTPENI,HOTEL MELIA TRINIDAD PENINSULA,TRI,TRINIDAD,1220960.0,CU,CUBA,"PLAYA MARÍA AGUILAR,TRINIDAD,S SPIRITUS",nan,21.750946,-80.022554,5.0
Trinidad,TRI,HTRNMTPEND,HOTEL MELIA TRINIDAD PENINSULA,TRI,TRINIDAD,1220960.0,CU,CUBA,"PLAYA MARÍA AGUILAR,TRINIDAD,S SPIRITUS",nan,21.750946,-80.022554,5.0
Trinidad,TRI,HTRIIBGHTR, IBEROSTAR GRAND TRINIDAD,TRI,TRINIDAD,68996.0,CU,CUBA,CALLE JOSE MARTI 262 Y LINO PEREZ 62600,nan,21.800643,-79.984307,5.0
Trinidad,TRI,HTRICUBLCU,HOTEL LAS CUEVAS ,TRI,TRINIDAD,1734.0,CU,CUBA,"TRINIDAD, SANCTI SPIRITUS",comercialchtc@cuevas.tur.cu,21.806366,-79.976670,3.0
Trinidad,TRI,HTRIBGTD, IBEROSTAR GRAND TRINIDAD,TRI,TRINIDAD,68996.0,CU,CUBA,CALLE JOSE MARTI 262 Y LINO PEREZ 62600,nan,21.800643,-79.984307,5.0
Trinidad,TRI,HTRDCBTDMD,HOTEL MEMORIES TRINIDAD DEL MAR,TRI,TRINIDAD,9284.0,CU,CUBA,PLAYA ANCON -TRINIDAD,nan,21.738057,-80.001862,4.0
Trinidad,TRI,HTRDCBTDM,HOTEL MEMORIES TRINIDAD DEL MAR,TRI,TRINIDAD,9284.0,CU,CUBA,PLAYA ANCON -TRINIDAD,nan,21.738057,-80.001862,4.0
Trinidad,TRI,HTRDCAN,HOTEL CLUB AMIGO ANCON,TRI,TRINIDAD,1732.0,CU,CUBA,PLAYA ANCON,booking@distalcaribe.co.cu,21.734756,-79.999291,3.0
Trinidad,TRI,HTRD500GCU,HOTEL TRINIDAD 500,TRI,TRINIDAD,407912.0,CU,CUBA,CARRETERA CASILDA KM 2,reservas@cuevas.tur.cu;booking@distalcaribe.co.cu,21.789925,-79.988020,3.0
Trinidad,TRI,HTCUTRIRON, HOTEL E LA RONDA,TRI,TRINIDAD,367086.0,CU,CUBA,"JOSE MARTI, 242 E/LINO PEREZ Y COLON,",booking2@distalcaribe.co.cu,22.128980,-80.083350,4.0
Trinidad,TRI,HMISTRIPOP,MYSTIQUE TRINIDAD ,TRI,TRINIDAD,1291091.0,CU,CUBA,TRINIDAD,nan,21.807552,-79.981032,5.0
Trinidad,TRI,HMISTRIPOH,MYSTIQUE TRINIDAD ,TRI,TRINIDAD,1291091.0,CU,CUBA,TRINIDAD,nan,21.807349,-79.981557,5.0
Trinidad,TRI,HEMDR,HOTEL E MESON DEL REGIDOR ,TRI,TRINIDAD,407229.0,CU,CUBA,SIMÓN BOLÍVAR #426,reservas@cuevas.tur.cu;booking@distalcaribe.co.cu,21.804713,-79.985031,2.0
Trinidad,TRI,HECUBECLS,HOTEL E LA CALESA,TRI,TRINIDAD,865377.0,CU,CUBA,CALLE JOSÉ MARTÍ E/ LINO PÉREZ Y CAMILO,reservas@cuevas.tur.cu;booking@distalcaribe.co.cu,21.800039,-79.984036,4.0
Trinidad,TRI,HCYCCUCACS,HOTEL COSTA SUR,TRI,TRINIDAD,10906.0,CU,CUBA,"TRINIDAD, SANCTI SPIRITUS",booking@distalcaribe.co.cu,21.743575,-80.021007,3.0
Varadero,VAR,HVMEMVARHH,HOTEL RESONANCE MUSIQUE VARADERO,VAR,VARADERO,1403977.0,CU,CUBA,"VARADERO, MATANZAS",nan,23.198847,-81.145128,4.0
Varadero,VAR,HVMEMVARH,HOTEL RESONANCE BLU VARADERO,VAR,VARADERO,1403985.0,CU,CUBA,"VARADERO, MATANZAS",nan,23.198847,-81.145128,4.0
Varadero,VAR,HVMEMVAR,HOTEL RESONANCE MUSIQUE VARADERO,VAR,VARADERO,77931.0,CU,CUBA,"VARADERO, MATANZAS",nan,23.198847,-81.145128,4.0
Varadero,VAR,HVARSTFLPH,HOTEL STARFISH LAS PALMAS ,VAR,VARADERO,626786.0,CU,CUBA,"AVENIDA 1RA ENTRE 60 Y 64, VARADERO,CUBA",nan,23.153932,-81.249540,3.0
Varadero,VAR,HVARSTFLPA,HOTEL STARFISH LAS PALMAS ,VAR,VARADERO,626786.0,CU,CUBA,"AVENIDA 1RA ENTRE 60 Y 64, VARADERO,CUBA",nan,23.153932,-81.249540,3.0
Varadero,VAR,HVARSTFCPH,HOTEL STARFISH CUATRO PALMAS,VAR,VARADERO,6961.0,CU,CUBA,"AVE 1RA. E/ 60 Y 64, VARADERO, MATANZAS,",nan,23.155078,-81.249300,4.0
Varadero,VAR,HVARSTFCPA,HOTEL STARFISH CUATRO PALMAS,VAR,VARADERO,6961.0,CU,CUBA,"AVE 1RA. E/ 60 Y 64, VARADERO, MATANZAS,",nan,23.155078,-81.249300,4.0
Varadero,VAR,HVARSELVAR,SELECTUM FAMILY RESORT VARADERO,VAR,VARADERO,1367488.0,CU,CUBA,"CARRETERA VÍA BLANCA KM 130 VARADERO,",reservas@selectumfamilyvaradero.co.cu;jefe.ventas@selectumfamilyvaradero.co.cu,23.130323,-81.313348,5.0
Varadero,VAR,HVARROCBAR,HOTEL ROC  BARLOVENTO,VAR,VARADERO,1746.0,CU,CUBA,"CALLE 1RA E/ 9 Y 12, VARADERO",comercia@barlovento.gca.tur.cu,23.135693,-81.283296,4.0
Varadero,VAR,HVARROCADO,HOTEL ROC ARENAS DORADAS,VAR,VARADERO,1735.0,CU,CUBA,AUTOPISTA KM 12  VARADERO,reserva@arenas.gca.tur.cu,23.184405,-81.183384,4.0
Varadero,VAR,HVARPPC,HOTEL PLAYA CALETA,VAR,VARADERO,405275.0,CU,CUBA,"VARADERO, MATANZAS",reservas@rocvaradero.gca.tur.cu; booking@distalcaribe.co.cu,23.131610,-81.306651,4.0
Varadero,VAR,HVAROCVELP,HOTEL OCEAN El PATRIARCA ,VAR,VARADERO,259983.0,CU,CUBA,"AUTOPISTA SUR KM 18 PUNTA HICACOS,",reservas@valentinelpatriarca.co.cu,23.202075,-81.149262,5.0
Varadero,VAR,HVAROCVAH,HOTEL PLAYA VISTA AZUL,VAR,VARADERO,424009.0,CU,CUBA,"AUTOPISTA SUR, KM 11",nan,23.181014,-81.196660,5.0
Varadero,VAR,HVARMVARD,HOTEL MELIA VARADERO,VAR,VARADERO,1749.0,CU,CUBA,AUTOPISTA SUR VARADERO MATANZAS,nan,23.175911,-81.207884,5.0
Varadero,VAR,HVARMVAR,HOTEL MELIA VARADERO,VAR,VARADERO,1749.0,CU,CUBA,AUTOPISTA SUR VARADERO MATANZAS,nan,23.175911,-81.207884,5.0
Varadero,VAR,HVARMSOLPD,HOTEL SOL PALMERAS,VAR,VARADERO,1737.0,CU,CUBA,"CARRETERA DE LAS MORLAS, 42200",nan,23.177270,-81.202168,4.0
Varadero,VAR,HVARMSOLPA,HOTEL SOL PALMERAS,VAR,VARADERO,1737.0,CU,CUBA,"CARRETERA DE LAS MORLAS, 42200",nan,23.177270,-81.202168,4.0
Varadero,VAR,HVARMRHTG,HOTEL ROYALTON HICACOS ,VAR,VARADERO,32005.0,CU,CUBA,CARRETERA LAS MORLAS KM15 PUNTA HICACOS,nan,23.194674,-81.165577,5.0
Varadero,VAR,HVARMRH,HOTEL ROYALTON HICACOS ,VAR,VARADERO,32005.0,CU,CUBA,CARRETERA LAS MORLAS KM15 PUNTA HICACOS,nan,23.194674,-81.165577,5.0
Varadero,VAR,HVARMPVD,HOTEL MELIA PENINSULA VARADERO ,VAR,VARADERO,23408.0,CU,CUBA,"PARQUE NATURAL DE PUNTA HICACOS,VARADERO",nan,23.199136,-81.137574,5.0
Varadero,VAR,HVARMPV,HOTEL MELIA PENINSULA VARADERO ,VAR,VARADERO,23408.0,CU,CUBA,"PARQUE NATURAL DE PUNTA HICACOS,VARADERO",nan,23.199136,-81.137574,5.0
Varadero,VAR,HVARMPPMD,HOTEL PARADISUS PRINCESA DEL MAR ,VAR,VARADERO,51321.0,CU,CUBA,AUTOPISTA SUR CARRETERA LAS MORLAS KM 19,nan,23.197947,-81.131999,5.0
Varadero,VAR,HVARMPPM,HOTEL PARADISUS PRINCESA DEL MAR ,VAR,VARADERO,51321.0,CU,CUBA,AUTOPISTA SUR CARRETERA LAS MORLAS KM 19,nan,23.197947,-81.131999,5.0
Varadero,VAR,HVARMLAD,HOTEL MELIA LAS ANTILLAS,VAR,VARADERO,8649.0,CU,CUBA,AUTOPISTA SUR CARRETERA LAS MORLAS KM 14,nan,23.189182,-81.174442,4.0
Varadero,VAR,HVARMLA,HOTEL MELIA LAS ANTILLAS,VAR,VARADERO,8649.0,CU,CUBA,AUTOPISTA SUR CARRETERA LAS MORLAS KM 14,nan,23.189182,-81.174442,4.0
Varadero,VAR,HVARMIVARD,HOTEL MELIA INTERNACIONAL,VAR,VARADERO,13377.0,CU,CUBA,"AVENIDA LAS AMÉRICAS, KM 142110 VARADERO",nan,23.158461,-81.240016,5.0
Varadero,VAR,HVARMIVAR,HOTEL MELIA INTERNACIONAL,VAR,VARADERO,13377.0,CU,CUBA,"AVENIDA LAS AMÉRICAS, KM 142110 VARADERO",nan,23.158461,-81.240016,5.0
Varadero,VAR,HVARMGMVTG,HOTEL GRAND MEMORIES VARADERO,VAR,VARADERO,182894.0,CU,CUBA,AUTOPISTA SUR KM 18.5 PUNTA HICACOS,nan,23.198610,-81.140990,5.0
Varadero,VAR,HVARMGMVH,SANCTUARY AT GRAND MEMORIES VARADERO,VAR,VARADERO,434658.0,CU,CUBA,AUTOPISTA SUR KM 18.5 PUNTA HICACOS,nan,23.198610,-81.140990,5.0
Varadero,VAR,HVARMGMV,HOTEL GRAND MEMORIES VARADERO,VAR,VARADERO,182894.0,CU,CUBA,AUTOPISTA SUR KM 18.5 PUNTA HICACOS,nan,23.198610,-81.140990,5.0
Varadero,VAR,HVARMELSSD,SOL VARADERO BEACH ,VAR,VARADERO,1238424.0,CU,CUBA,"VARADERO, MATANZAS",nan,23.161926,-81.233495,4.0
Varadero,VAR,HVARMELSSC,SOL VARADERO BEACH ,VAR,VARADERO,1238424.0,CU,CUBA,"VARADERO, MATANZAS",nan,23.161926,-81.233495,4.0
Varadero,VAR,HVARMELSCD,SOL CARIBE BEACH,VAR,VARADERO,1238489.0,CU,CUBA,"VARADERO, MATANZAS",nan,23.161664,-81.232854,4.0
Varadero,VAR,HVARMELSCB,SOL CARIBE BEACH,VAR,VARADERO,1238489.0,CU,CUBA,"VARADERO, MATANZAS",nan,23.161664,-81.232854,4.0
Varadero,VAR,HVARMELPAR,HOTEL PARADISUS VARADERO,VAR,VARADERO,1074417.0,CU,CUBA,PUNTA FRANCES(CERCA AUTOPISTA SUR) 42200,nan,23.199692,-81.156340,5.0
Varadero,VAR,HVARMELPAD,HOTEL PARADISUS VARADERO,VAR,VARADERO,18694.0,CU,CUBA,PUNTA FRANCES(CERCA AUTOPISTA SUR) 42200,nan,23.199692,-81.156340,5.0
Varadero,VAR,HVARMELLAM,HOTEL MELIA LAS AMERICAS ,VAR,VARADERO,1748.0,CU,CUBA,"VARADERO, MATANZAS",nan,23.172801,-81.213586,5.0
Varadero,VAR,HVARMELLAD,HOTEL MELIA LAS AMERICAS ,VAR,VARADERO,1748.0,CU,CUBA,"VARADERO, MATANZAS",nan,23.172801,-81.213586,5.0
Varadero,VAR,HVARMCPH,HOTEL MYSTIQUE CASA PERLA ,VAR,VARADERO,1294685.0,CU,CUBA,"AVENIDA 1RA ENTRE 60 Y 64,42200 VARADERO",nan,23.155960,-81.248400,5.0
Varadero,VAR,HVARLVAR,SIRENIS TROPICAL VARADERO,VAR,VARADERO,38262.0,CU,CUBA,"AUTOPISTA SUR, KM 11, VARADERO",reservas@sirenistropical.co.cu;jefe.ventas@sirenistropical.co.cu,23.181836,-81.193669,4.0
Varadero,VAR,HVARLASMOR,HOTEL LAS MORLAS,VAR,VARADERO,20424.0,CU,CUBA,"AVENIDA LAS AMERICAS, VARADERO",comercia@morlas.gca.tur.cu,23.160346,-81.238608,4.0
Varadero,VAR,HVARIBVARD,HOTEL IBEROSTAR SELECTION VARADERO ,VAR,VARADERO,47930.0,CU,CUBA,PUNTA FRANCES KM 17 1/2,nan,23.197119,-81.160629,5.0
Varadero,VAR,HVARIBVARA,HOTEL IBEROSTAR SELECTION VARADERO ,VAR,VARADERO,47930.0,CU,CUBA,PUNTA FRANCES KM 17 1/2,nan,23.197119,-81.160629,5.0
Varadero,VAR,HVARIBPLAL,HOTEL IBEROSTAR PLAYA ALAMEDA ,VAR,VARADERO,26469.0,CU,CUBA,"PUNTA HICACOS, VARADERO",nan,23.200872,-81.133013,4.0
Varadero,VAR,HVARIBPLAD,HOTEL IBEROSTAR PLAYA ALAMEDA ,VAR,VARADERO,26469.0,CU,CUBA,"PUNTA HICACOS, VARADERO",nan,23.200872,-81.133013,4.0
Varadero,VAR,HVARIBLAGA,HOTEL IBEROSTAR LAGUNA AZUL ,VAR,VARADERO,136017.0,CU,CUBA,"AUTOPISTA SUR KM 17, PUNTA HICACOS",nan,23.201657,-81.142370,5.0
Varadero,VAR,HVARIBLAD,HOTEL IBEROSTAR LAGUNA AZUL ,VAR,VARADERO,136017.0,CU,CUBA,"AUTOPISTA SUR KM 17, PUNTA HICACOS",nan,23.201657,-81.142370,5.0
Varadero,VAR,HVARIBBVIS,HOTEL IBEROSTAR SELECTION BELLA VISTA ,VAR,VARADERO,536120.0,CU,CUBA,"VARADERO, MATANZAS,CUBA",nan,23.178009,-81.199183,5.0
Varadero,VAR,HVARIBBVID,HOTEL IBEROSTAR SELECTION BELLA VISTA ,VAR,VARADERO,536120.0,CU,CUBA,"VARADERO, MATANZAS,CUBA",nan,23.178009,-81.199183,5.0
Varadero,VAR,HVARIBBCD,HOTEL IBEROSTAR BELLA COSTA ,VAR,VARADERO,5711.0,CU,CUBA,"VARADERO, MATANZAS",nan,23.167643,-81.223704,5.0
Varadero,VAR,HVARIACTST,HOTEL CLUB TROPICAL,VAR,VARADERO,1744.0,CU,CUBA,"VARADERO, MATANZAS, CUBA",programadora1@cr.islazul.tur.cu,23.141430,-81.276711,3.0
Varadero,VAR,HVARHKAW,HOTEL KAWAMA,VAR,VARADERO,1747.0,CU,CUBA,"CALLE 1, REPARTO KAWAMA, VARADERO",comercia@kawama.gca.tur.cu; booking@distalcaribe.co.cu,23.134735,-81.288196,3.0
Varadero,VAR,HVARGSVAR,GRAND ASTON VARADERO BEACH RESORT,VAR,VARADERO,1364468.0,CU,CUBA,"PARCELA OASIS II, CARRETERA VIA BLANCA",jefe.ventas@grandastonvaradero.co.cu,23.130210,-81.315607,5.0
Varadero,VAR,HVARGCPALR,HOTEL ALLEGRO PALMA REAL ,VAR,VARADERO,23589.0,CU,CUBA,"64 AVENIDA 1RA, VARADERO",reservas@palmareal.gca.tur.cu,23.153677,-81.247166,3.0
Varadero,VAR,HVARCUBTUX,HOTEL TUXPAN,VAR,VARADERO,6958.0,CU,CUBA,"AVENIDA LAS AMERICAS KM 2,42200 VARADERO",booking2@distalcaribe.co.cu,23.166403,-81.225078,4.0
Varadero,VAR,HVARCUBBCO,HOTEL IBEROSTAR BELLA COSTA ,VAR,VARADERO,5711.0,CU,CUBA,"VARADERO, MATANZAS",nan,23.167643,-81.223704,4.0
Varadero,VAR,HVARCUBBC,HOTEL BRISAS DEL CARIBE,VAR,VARADERO,1736.0,CU,CUBA,"CTRA. LAS MORLAS, KM 12 ½, VARADERO",booking@distalcaribe.co.cu,23.184407,-81.185824,4.0
Varadero,VAR,HVARBLAUVA,HOTEL BLAU VARADERO ,VAR,VARADERO,48382.0,CU,CUBA,CARRETERA LAS MORLAS KM 15.VARADERO,reserva@blauvaradero.tur.cu,23.189798,-81.172618,4.0
Varadero,VAR,HVARBELEV,HOTEL VILLA CUBA,VAR,VARADERO,1753.0,CU,CUBA,"REPARTO LA TORRE, AVE. LAS AMERICAS KM3,",reservas@vcuba.gca.tur.cu,23.160451,-81.237932,4.0
Varadero,VAR,HVARBDSFVH,HOTEL STARFISH VARADERO,VAR,VARADERO,1741.0,CU,CUBA,"CARRETERA MORLAS KM 14.5, VARADERO",nan,23.190637,-81.169202,4.0
Varadero,VAR,HVARBDSFVA,HOTEL STARFISH VARADERO,VAR,VARADERO,1741.0,CU,CUBA,"CARRETERA MORLAS KM 14.5, VARADERO",nan,23.190637,-81.169202,4.0
Varadero,VAR,HVARBARSOI,HOTEL BARCELO SOLYMAR,VAR,VARADERO,27776.0,CU,CUBA,CARRETERA LAS AMÉRICAS KM. 3,reserva@resortsolymar.gca.tur.cu,23.156751,-81.243281,4.0
Varadero,VAR,HVARBARABI,HOTEL OCCIDENTAL ARENAS BLANCAS ,VAR,VARADERO,6957.0,CU,CUBA,"CARRETERA LAS AMERICAS KM. 3, VARADERO",rsv@resortsolymar.gca.tur.cu,23.155784,-81.246138,4.0
Varadero,VAR,HTLVARHLED, HOTEL LEDO,VAR,VARADERO,16792.0,CU,CUBA,CALLE 44 Y 1RA Y AVENIDA DE LA PLAYA,programadora1@cr.islazul.tur.cu,23.149418,-81.262261,2.0
Varadero,VAR,HSNBCH,HOTEL SUNBEACH VARADERO,VAR,VARADERO,8722.0,CU,CUBA,CALLE 17 E/ 1RA Y 3RA,comercial@sunbeach.gca.tur.cu;booking@distalcaribe.co.cu,23.138651,-81.279606,3.0
Varadero,VAR,HMUTPLYVAR,HOTEL MUTHU PLAYA VARADERO ,VAR,VARADERO,10800.0,CU,CUBA,"CARRETERA LAS MORLAS KM 12.5, 12345",reservas@pvmuthu.gca.tur.cu; booking@distalcaribe.co.cu,23.185736,-81.181287,5.0
Varadero,VAR,HIALD,HOTEL LOS DELFINES,VAR,VARADERO,42351.0,CU,CUBA,"AVENIDA 1RA, VARADERO",jrecepcion@delfines.islazul.tur.cu,23.147725,-81.264628,3.0
Varadero,VAR,HCUVARHDM,HOTEL DOS MARES,VAR,VARADERO,11729.0,CU,CUBA,VARADERO,nan,23.151561,-81.254822,2.0
Varadero,VAR,HBELLCTUS,HOTEL LOS CACTUS,VAR,VARADERO,22411.0,CU,CUBA,"CARRETERA LAS AMÉRICAS, KM 3, VARADERO,",reservationsmanager@hotelloscactus.tur.cu,23.165513,-81.228132,4.0
Viñales,VIAL,HVINLOSJAZ,HOTEL LOS JAZMINES by MYSTIQUE,VIAL,VINALES,16499.0,CU,CUBA,"PINAR DEL RIO, CUBA",nan,22.596434,-83.724495,3.0
Viñales,VIAL,HVINLOSJAH,LOS JAZMINES BY MYSTIQUE,VIAL,VINALES,16499.0,CU,CUBA,"PINAR DEL RIO, CUBA",nan,22.596434,-83.724495,3.0
Viñales,VIAL,HPRICURSVI,HOTEL RANCHO SAN VICENTE,VIAL,VINALES,250108.0,CU,CUBA,"CARRETERA A PUERTO ESPERANZA, KM. 33",booking@distalcaribe.co.cu,22.673581,-83.707121,3.0
Viñales,VIAL,HPRICUBERM,HOTEL HORIZONTES LA ERMITA ,VIAL,VINALES,15671.0,CU,CUBA,"PINAR DEL RIO, CUBA",booking@distalcaribe.com,22.611643,-83.699368,3.0
Viñales,VIAL,HPRICUBECV,MYSTIQUE VIÑALES CENTRAL,VIAL,VINALES,786875.0,CU,CUBA,CALLE SALVADOR CISNEROS ESQ C. FERNÁNDEZ,reserva@vinales.tur.cu,22.617104,-83.710112,3.0
